perfil,proy_investig
Construction Foreman,SRDF
Estimator,Taleo
Subcontractor,Two-factor Authentication
Project Manager,Business Ideas
Electrician,HDX
Supervisor,UV Mapping
Construction Worker,Molecular Biology
Construction Expeditor,Wrongful Death
Subcontractor,Ghostwriting
Architect,MXF
Surveyor,NCDA
Project Manager,Web Analytics
Supervisor,Knee Pain
Estimator,CVS
Construction Worker,Online Advertising
Estimator,QRC
Project Manager,Klarity
Construction Foreman,Strategic Human Resources Leadership
Engineer,FDCPA
Construction Foreman,MFS
Construction Foreman,DVR
Construction Foreman,Luxury Cruise
Project Manager,Warehouse Management
Construction Worker,FP
Construction Expeditor,Novell
Project Manager,NQA-1
Subcontractor,HP Procurve
Project Manager,Orthopedics
Surveyor,FS-CD
Construction Foreman,Sketching
Construction Manager,NSE
Architect,Yarn
Construction Foreman,CCENT
Supervisor,XML Gateway
Construction Manager,Business Objects Data Integrator
Engineer,GST
Supervisor,Brochures
Engineer,Software Development
Construction Manager,DWDM
Supervisor,IPv6
Engineer,Journals
Electrician,Windows Vista
Construction Worker,Utility Construction
Construction Expeditor,DNA Extraction
Supervisor,DITA XML
Project Manager,Norwegian
Construction Expeditor,RCFA
Supervisor,BLS
Supervisor,ILS
Construction Foreman,Mathematical Modeling
Supervisor,Solid Oxide Fuel Cells
Surveyor,QuickBooks
Architect,PMI
Architect,DDS
Architect,MPLS Networking
Estimator,Change Orders
Supervisor,Vendor Management
Construction Expeditor,IBC
Construction Foreman,Epigenetics
Construction Expeditor,Windows Azure
Subcontractor,EP
Surveyor,Pinterest
Supervisor,SEO
Electrician,Mediation
Construction Foreman,Cross-border Transactions
Supervisor,Real Estate Transactions
Surveyor,Recruitment Advertising
Architect,Quality Improvement
Construction Expeditor,CPA
Construction Expeditor,HtmlUnit
Supervisor,Administrative Assistance
Estimator,Smart Metering
Construction Manager,LBO
Construction Expeditor,Order Picking
Estimator,NRA
Construction Foreman,MDRs
Project Manager,High Rise
Construction Foreman,PMI
Construction Foreman,Pricing
Construction Expeditor,Data Quality
Estimator,MSDS
Engineer,HDCAM
Surveyor,HW Design
Construction Foreman,KDevelop
Supervisor,PSpice
Construction Manager,DFD
Construction Foreman,Xcart
Architect,Jitterbit
Subcontractor,AJAX Frameworks
Construction Manager,Tds
Construction Worker,OTL
Electrician,CGI scripts
Engineer,CMC Regulatory Affairs
Estimator,Mythology
Construction Worker,Company Set-up
Engineer,RFP
Engineer,Healthcare
Architect,LPR
Project Manager,Siding
Supervisor,IR Spectroscopy
Electrician,QMF
Project Manager,Appraisals
Construction Manager,WSGI
Electrician,WLL
Construction Expeditor,Nslookup
Electrician,NCP
Subcontractor,Hiring
Architect,HDLC
Subcontractor,UCP 600
Electrician,Access Control
Electrician,SCADA
Construction Manager,KOL Management
Construction Expeditor,GDI+
Architect,XML Gateway
Construction Manager,AED
Construction Worker,Newspapers
Construction Worker,CMS
Electrician,Banners
Subcontractor,Generators
Electrician,Wyse
Estimator,Published Author
Supervisor,Administrative Law
Construction Expeditor,Ghost Imaging
Subcontractor,ODM management
Estimator,BPML
Engineer,AACR2
Construction Worker,MS Axapta
Surveyor,OAS
Surveyor,TNCC
Electrician,Omega
Subcontractor,Visual Merchandising
Construction Foreman,LPR
Construction Expeditor,Early-stage Startups
Architect,ICP
Construction Foreman,Purchase Management
Subcontractor,Upholstery
Surveyor,DVB-C
Subcontractor,Athletic Training
Construction Worker,VBAC
Subcontractor,Ticketing
Construction Foreman,EIS
Estimator,Play by Play
Supervisor,QAQC
Engineer,Bhangra
Supervisor,WS-*
Surveyor,Athletic Administration
Construction Manager,RoboHelp
Construction Manager,CDPE
Construction Manager,Zyxel
Supervisor,Irrigation Management
Construction Foreman,GPRS
Estimator,mTAB
Engineer,Knee
Project Manager,NAS
Construction Foreman,NGL
Engineer,MLRO
Construction Foreman,Generators
Construction Manager,Lotus Domino
Engineer,Pumps
Construction Expeditor,Pensions
Electrician,PDMLink
Construction Worker,RSVP
Construction Foreman,NX Unigraphics
Construction Worker,HPLC-MS
Surveyor,Gifted Education
Electrician,Vulnerability Assessment
Construction Foreman,EWB
Construction Manager,Crystal Xcelsius 2008
Electrician,Wedding Photography
Construction Manager,Ntop
Project Manager,CSCS Card
Engineer,Pipefitting
Construction Worker,PFMEA
Construction Expeditor,HP
Estimator,PPV
Construction Foreman,Wireless Networking
Estimator,IVA
Supervisor,HP uCMDB
Electrician,Civil Aviation
Architect,Performance Improvement
Supervisor,Yeast
Electrician,Utility Industry
Engineer,WSRR
Subcontractor,Gx
Construction Manager,DDNS
Project Manager,Patient Education
Surveyor,Yamaha Digital Consoles
Engineer,Behavior Based Safety
Architect,CMC
Construction Foreman,NVR
Electrician,SAP EBP
Construction Expeditor,Underscore.js
Subcontractor,MMIC
Supervisor,Visual Basic
Architect,Juniper Technologies
Supervisor,ESL
Supervisor,iVantage
Electrician,CI
Construction Expeditor,WSS 2.0
Engineer,iView
Electrician,Business Transformation
Engineer,Grant Writing
Construction Manager,European Languages
Architect,OData
Architect,DDoS
Construction Foreman,IRIS
Construction Foreman,Oil &amp; Gas Industry
Construction Expeditor,JVM
Construction Foreman,Hydraulics
Architect,HDCAM
Construction Worker,PMC
Supervisor,Sustainability
Electrician,Natural Resources
Construction Manager,WSPG
Estimator,MCITP
Estimator,Machine Tools
Electrician,Print On Demand
Surveyor,HMRC enquiries
Electrician,NSE
Construction Worker,Air Compressors
Surveyor,Xplan
Project Manager,IIS
Architect,MM7
Project Manager,Telephone Skills
Project Manager,BTLS
Electrician,MMR
Construction Worker,Overhead Cranes
Engineer,HR Transformation
Supervisor,QNXT
Construction Worker,Zebra
Construction Foreman,Biopharmaceuticals
Electrician,Ethical Decision Making
Surveyor,MVA
Construction Foreman,Luxury Lifestyle
Construction Worker,SMO
Supervisor,MHRA
Subcontractor,AJAX
Estimator,CBR
Surveyor,Energy
Estimator,Koine Greek
Construction Foreman,Equity Valuation
Construction Manager,DMR
Electrician,HP Proliant
Surveyor,Disaster Recovery
Electrician,Integration
Construction Worker,LVM
Architect,US Tax
Architect,iGrafx
Architect,IDS
Subcontractor,US GAAP
Construction Manager,Road Traffic
Subcontractor,FDA
Project Manager,Global Business Development
Subcontractor,Historic Preservation
Supervisor,Virtual PC
Electrician,Oracle VM
Construction Foreman,PBIS
Surveyor,RPD
Construction Foreman,Escrow
Construction Expeditor,RS422
Supervisor,Brand Awareness
Construction Foreman,Electric Power
Construction Foreman,CCIE
Construction Foreman,Vectorworks
Surveyor,IACUC
Construction Expeditor,Zebra
Subcontractor,Global Operations
Construction Expeditor,Early-stage Startups
Construction Worker,Humanitarian
Construction Manager,DMT
Construction Worker,CBD
Construction Worker,People-oriented
Electrician,Oil &amp; Gas Accounting
Surveyor,OMB A-123
Construction Manager,Turn Around Management
Construction Expeditor,Rugby Union
Construction Expeditor,SQL DB2
Construction Worker,iOS Design
Surveyor,RTK
Construction Manager,Ulcerative Colitis
Subcontractor,CDO
Estimator,XML Programming
Estimator,GNU C++
Construction Foreman,MVVM
Estimator,JNA
Electrician,HCCP
Engineer,Athlete Development
Construction Worker,TS2
Construction Expeditor,RFP Design
Electrician,Yacht Racing
Supervisor,Cost Efficiency
Project Manager,SAP PM Module
Construction Foreman,Tax
Architect,Molecular Biology
Architect,VSE
Construction Foreman,Youth Marketing
Estimator,Slope Stability Analysis
Construction Expeditor,Tax Returns
Construction Manager,Legal Assistance
Subcontractor,NHS Commissioning
Subcontractor,DITA XML
Construction Worker,HR Information Management
Construction Manager,DDI Certified Facilitator
Engineer,BBx
Construction Expeditor,GTK+
Construction Foreman,Whiplash
Construction Expeditor,DMT
Architect,Xactimate
Construction Expeditor,CFX
Engineer,Hand-drawn Typography
Construction Worker,Lunix
Construction Foreman,PXE
Construction Foreman,Two-photon Microscopy
Electrician,Kuka
Project Manager,Upstream
Construction Worker,VNA
Engineer,PDL
Project Manager,Restorative Justice
Architect,Entrepreneurship
Architect,RSView
Estimator,OO Software Development
Construction Foreman,Www
Construction Foreman,PDE
Architect,Diagnostic Ultrasound
Construction Expeditor,Freight Forwarding
Engineer,Utilization
Construction Expeditor,CICS
Architect,Geological Mapping
Supervisor,Kinetic Typography
Construction Worker,Information Architecture
Construction Foreman,DTI
Surveyor,Grocery
Project Manager,Drilling
Construction Worker,Report Writing
Estimator,Shrinkage
Electrician,IICRC Certifications
Construction Foreman,Award Winner
Architect,FTIR
Construction Foreman,Kofax
Supervisor,Vascular
Surveyor,Fertilizers
Construction Worker,Nagios
Construction Manager,National Association of Realtors
Construction Manager,SBA 504
Construction Expeditor,Long Distance Running
Construction Foreman,Jiu-Jitsu
Project Manager,PVElite
Architect,Credit
Surveyor,Tax Accounting
Electrician,ION Marketview
Surveyor,MVA
Surveyor,EEO Compliance
Construction Worker,Solution Architecture
Engineer,Yahoo Search Marketing
Engineer,Adolescents
Construction Expeditor,Akamai
Engineer,TNCC Instruction
Engineer,Career Development
Subcontractor,CSPO
Electrician,OGRE
Project Manager,TNCC Instruction
Subcontractor,International NGOs
Construction Worker,Deep Tissue Massage
Supervisor,IC
Architect,Tumblr
Project Manager,Venue Management
Project Manager,Ebooks
Supervisor,Cycle Time Reduction
Surveyor,CQC
Estimator,WCCP
Surveyor,AACR2
Construction Worker,JMX
Construction Expeditor,DVT
Surveyor,Ice Hockey
Electrician,DFR
Construction Worker,Aeronautics
Project Manager,Turn Around Management
Supervisor,RPG II
Subcontractor,Satellite TV
Supervisor,JReport
Construction Expeditor,Rock Mechanics
Electrician,Help Desk Support
Estimator,JNA
Architect,Petroleum Engineering
Construction Worker,Be Your Own Boss
Estimator,Small Business Development
Architect,Trade Marketing
Subcontractor,RCT
Supervisor,XML Spy
Supervisor,AX 2009
Construction Worker,Human Capital
Construction Worker,Sculpture
Electrician,Crossbeam XOS
Construction Foreman,TPL
Estimator,Agents
Subcontractor,Facilitation
Construction Expeditor,VDA
Construction Manager,MDOP
Electrician,Pharmaceutics
Subcontractor,Lotus Domino
Surveyor,Funding
Surveyor,CMA
Construction Foreman,WCSF
Construction Worker,Operating Room
Construction Expeditor,Semantic HTML
Construction Manager,Zoho
Project Manager,Equity Trading
Construction Worker,XaaS
Architect,Singing
Construction Foreman,Nikon
Construction Expeditor,Chi Kung
Construction Expeditor,Dunn &amp; Bradstreet
Construction Manager,Offshore Outsourcing
Construction Expeditor,SDTM
Electrician,JSONP
Surveyor,Canon XH-A1
Estimator,VMware VTSP
Construction Worker,Mobile Games
Construction Foreman,HDF5
Engineer,Kronos Timekeeping
Construction Manager,Mobile Technology
Estimator,SDS-PAGE
Electrician,WUFI
Project Manager,Family Law
Subcontractor,Health Economics
Construction Manager,FTL
Project Manager,Snowmobile
Construction Foreman,IRB
Project Manager,Human Rights
Construction Foreman,Gx
Electrician,MPI
Engineer,HDV
Electrician,Oleochemicals
Electrician,Art History
Surveyor,Trading
Architect,Storage
Electrician,IT Risk Management
Construction Foreman,Defect Life Cycle
Construction Foreman,ebXML
Construction Foreman,SMSTS
Construction Foreman,jQuery
Project Manager,ITIL
Architect,Front Office
Construction Foreman,Fitness
Subcontractor,LLDP
Construction Foreman,Award Winner
Project Manager,Low Voltage
Subcontractor,ML
Engineer,SWIFT Messaging
Construction Worker,RMDS
Construction Manager,OLEDB
Engineer,MKS
Construction Manager,TTL
Architect,Change Management
Construction Worker,SSL Duality
Construction Worker,Order Fulfillment
Surveyor,Fixed Assets
Construction Expeditor,Google Adwords
Construction Manager,Electronic Warfare
Surveyor,Market Risk
Construction Manager,Bylaws
Architect,Program Development
Construction Worker,Apollo GDS
Subcontractor,American Literature
Construction Expeditor,JDE Enterprise One
Subcontractor,Civil Society
Surveyor,Portuguese
Construction Expeditor,NLS
Construction Manager,Military Justice
Construction Foreman,DTE
Engineer,AXE
Architect,User Experience Design
Surveyor,Situational Awareness
Construction Foreman,CSRs
Project Manager,LDI
Architect,Cleaning Validation
Supervisor,Loan Servicing
Supervisor,Typesetting
Construction Worker,General Ledger
Surveyor,FX Hedging
Estimator,SCADA
Construction Worker,Intercultural Awareness
Subcontractor,Electric Power
Construction Manager,DVD
Subcontractor,Chi Kung
Construction Worker,Reverse Osmosis
Estimator,Oil Sands
Construction Foreman,Vital Signs
Architect,NSLDS
Supervisor,Ableton Live
Electrician,DVR
Estimator,SSADM
Construction Foreman,Peer Tutoring
Project Manager,FPA
Subcontractor,AOC
Surveyor,Rural Development
Supervisor,Utilities Management
Engineer,Business Intelligence
Architect,Fashion Blogging
Construction Foreman,Amazon VPC
Construction Expeditor,DCF
Construction Manager,Offshore Drilling
Engineer,Rehabilitation Psychology
Surveyor,EBITDA Growth
Construction Manager,Weddings
Subcontractor,Lymphedema
Construction Worker,JDOM
Architect,Scripting
Architect,MD-11
Construction Expeditor,Criminal Investigations
Subcontractor,Structural Dynamics
Engineer,PPC Bid Management
Architect,HttpUnit
Supervisor,NSIS
Surveyor,Fashion Design
Construction Expeditor,Technical Recruiting
Project Manager,BFD
Subcontractor,Commercial Photography
Construction Manager,Community Outreach
Construction Expeditor,Rock Mechanics
Electrician,Xerox Printers
Supervisor,Information Architecture
Electrician,FF&amp;E
Supervisor,Oxides
Construction Foreman,RSA enVision
Architect,Klocwork
Subcontractor,DNA ligation
Estimator,Ticketing
Electrician,Kronos Timekeeping
Construction Expeditor,Offshoring
Construction Expeditor,Security Audits
Electrician,ENOVIA LCA
Architect,PCI Standards
Subcontractor,PyQt
Construction Manager,TCAD
Construction Foreman,DVB-C
Engineer,RTOS
Estimator,OAT
Supervisor,Website Development
Supervisor,UV coating
Construction Expeditor,Music Production
Estimator,Ambulatory
Subcontractor,Feature Writing
Construction Foreman,WCF
Supervisor,HIPAA
Construction Expeditor,DNA microarray
Electrician,Road Safety
Subcontractor,Fashion Shows
Project Manager,Water Management
Supervisor,AX 2009
Supervisor,Epoxy
Project Manager,MDT
Estimator,QAC
Construction Foreman,Wyse
Construction Worker,GMI
Project Manager,TPT
Architect,Ergonomics
Estimator,CTAs
Estimator,UAG
Estimator,Tier II Reporting
Supervisor,FDICIA
Construction Foreman,MPEG2
Engineer,Oil &amp; Gas
Surveyor,Pygame
Architect,Overhaul
Estimator,OAS
Project Manager,Rent to Own
Project Manager,NDC
Electrician,Eye Exams
Construction Worker,OEMs
Estimator,Online Travel
Supervisor,Aqualogic
Construction Expeditor,HBSS
Engineer,SFI
Project Manager,JBL
Construction Expeditor,Kalman filtering
Construction Worker,Ion Exchange
Supervisor,Black Belt
Estimator,CBCP
Surveyor,Glassfish
Construction Manager,Grassroots
Project Manager,EH&amp;S Compliance
Project Manager,SAP PM Module
Estimator,Overseeing Projects
Engineer,Online Communications
Project Manager,Angel LMS
Surveyor,Uniform Combined State Law
Construction Foreman,Nikon
Supervisor,FM200
Architect,Group Work
Supervisor,Navy
Construction Foreman,Software Testing Life Cycle
Surveyor,Laptops
Estimator,Small Boat Operations
Construction Worker,Twist
Subcontractor,Khalix
Estimator,Interpersonal Skills
Electrician,Soft Skills
Construction Manager,Pallet Jack
Engineer,HCSS
Electrician,Sniffer
Construction Expeditor,Underwriting
Subcontractor,Zend Certified Engineer
Supervisor,Hudson
Construction Manager,VSOE
Construction Foreman,Nortel DMS
Estimator,Pyramix
Electrician,Group Work
Estimator,Data Center
Construction Expeditor,BDCs
Subcontractor,Healthcare Management
Subcontractor,NMON
Electrician,PLC
Subcontractor,Accounts Receivable
Project Manager,GNU Radio
Engineer,CMC
Surveyor,Healthcare Consulting
Construction Worker,Project Bidding
Engineer,IGMP
Construction Worker,Shared Services
Project Manager,Budgeting
Architect,Executive Search
Supervisor,PMO Design
Construction Expeditor,GSA Schedules
Architect,LabVIEW
Electrician,Product Marketing
Electrician,IBM Websphere Commerce
Architect,UCM
Construction Expeditor,Special Events
Project Manager,TBS
Construction Foreman,VCAT
Estimator,AWR Microwave Office
Surveyor,Eyewonder
Construction Manager,Citrix
Construction Expeditor,Hunting
Supervisor,Hmong
Estimator,Case Management
Electrician,GFI
Subcontractor,FSP
Architect,YouTube
Estimator,Gaming Industry
Subcontractor,Geophysics
Estimator,PPTP
Construction Worker,PIX
Supervisor,ITIL
Supervisor,RNAi
Surveyor,Human Rights
Construction Worker,Robotics
Estimator,Customer Service
Project Manager,Real Estate License
Supervisor,IA32
Surveyor,PVSyst
Construction Worker,Employee Engagement
Construction Manager,CBORD
Surveyor,ERISA
Surveyor,OCLC Connexion
Estimator,PMBOK
Supervisor,GMF
Architect,iWeb
Subcontractor,Amazon S3
Supervisor,UK Law
Surveyor,EAI
Construction Worker,RWD Info Pak
Estimator,Partnership Taxation
Project Manager,Grief Counseling
Electrician,GBS
Estimator,VLS
Construction Worker,SPSS
Electrician,Immunohistochemistry
Architect,Piping
Subcontractor,First Aid
Construction Foreman,NHPA
Project Manager,Market Planning
Construction Manager,Directing Others
Project Manager,Social Services
Construction Worker,Drywall
Estimator,VMware View
Supervisor,Fixed Income
Construction Foreman,CVaR
Project Manager,Contract Management
Construction Worker,ITIL v3 Foundations Certified
Construction Manager,Small Business
Subcontractor,DDR3
Construction Worker,SSAE 16
Supervisor,GDI
Construction Foreman,Engineering Management
Architect,Operational Oversight
Construction Manager,Outcomes Research
Surveyor,SRTP
Construction Expeditor,VBAC
Surveyor,Voiceovers
Construction Manager,LDPE
Construction Worker,Sales Cycle Management
Supervisor,SPSS
Construction Expeditor,FCNSP
Construction Manager,Crystal Reports
Project Manager,Jazz Dance
Project Manager,CPE
Subcontractor,E-on Vue
Construction Expeditor,MySQL Cluster
Supervisor,RCS Selector
Construction Manager,Historical Research
Architect,Personal Training
Construction Worker,DVP&amp;R
Construction Manager,Shopping Centers
Engineer,JDE One World
Construction Foreman,Karaoke
Construction Expeditor,LS-DYNA
Construction Expeditor,Agile Testing
Project Manager,RF Circuits
Construction Worker,Ionic Liquids
Construction Expeditor,UV disinfection
Construction Worker,Shell Scripting
Engineer,Pro Tools
Surveyor,Switchboard Operator
Construction Manager,Private Banking
Architect,Corporate Identity
Surveyor,ABR
Architect,CFML
Project Manager,Rx
Construction Worker,Xing
Architect,WWAN
Construction Manager,Smartforms
Construction Foreman,SNMP
Electrician,Mobile Communications
Surveyor,JTAPI
Project Manager,MS Axapta
Estimator,Top Secret
Construction Worker,Credit Risk
Surveyor,Google Adwords
Estimator,Bit.ly
Project Manager,Lustre
Construction Manager,Medical Imaging
Construction Expeditor,Software Implementation
Surveyor,Metro Ethernet
Construction Manager,R&amp;TTE
Construction Foreman,JNCIP
Construction Expeditor,DBMS
Subcontractor,GNU/Linux
Engineer,PQQs
Supervisor,Change Orders
Electrician,TFT
Construction Expeditor,Web Analytics
Supervisor,Enterprise Architecture
Subcontractor,FDR
Construction Worker,TFF
Construction Foreman,FM Radio
Construction Foreman,DNV
Subcontractor,VSAT
Subcontractor,Oil Industry
Construction Foreman,Norwegian
Construction Manager,VSOE
Construction Foreman,WS
Construction Expeditor,MS Excel Pivot Tables
Subcontractor,Product Life Cycle
Architect,NGP
Estimator,Operational Planning
Engineer,PXE
Surveyor,Nios II
Supervisor,Zendesk
Construction Worker,Lua
Electrician,Property Management Systems
Estimator,Bit.ly
Architect,xSeries
Construction Expeditor,Athletic Performance
Surveyor,Yahoo Search Marketing
Subcontractor,MVNO
Electrician,Youth Marketing
Construction Expeditor,Twitter API
Supervisor,LPT
Construction Foreman,Revenue Cycle
Architect,GNU Debugger
Architect,VAT
Project Manager,NCIE
Construction Worker,Creative Writing
Construction Expeditor,Axles
Architect,Target Costing
Architect,Lyra
Construction Expeditor,DSL
Architect,iHistorian
Supervisor,DLL
Construction Expeditor,BTO
Construction Expeditor,Luciferase Assay
Supervisor,Multi-channel Retail
Project Manager,Ulcerative Colitis
Construction Foreman,MS VC++
Engineer,MPBN
Electrician,Citrix XenApp
Electrician,SBEM
Surveyor,Office Administration
Subcontractor,WLR3
Estimator,Urban Economics
Estimator,Negotiation
Construction Expeditor,XSLT
Construction Expeditor,MBTI
Project Manager,PPC Bid Management
Surveyor,Wine
Subcontractor,IICRC Certified
Supervisor,KNX
Project Manager,NPL
Construction Expeditor,XDoclet
Architect,Biotechnology
Supervisor,Hunting
Architect,Real Estate Transactions
Engineer,PLC Allen Bradley
Construction Foreman,SFIA
Electrician,Verilog
Construction Foreman,Event Planning
Construction Foreman,HDF5
Project Manager,SLA
Construction Manager,Microsoft Dynamics AX
Construction Foreman,Pain Management
Project Manager,Horticulture
Subcontractor,EPC
Surveyor,Aquatic Therapy
Construction Foreman,MyBatis
Project Manager,BD+C
Electrician,Earthworks
Subcontractor,Financial Services
Subcontractor,Cloud Computing
Surveyor,Website Development
Construction Expeditor,SDH
Subcontractor,CSG
Engineer,RSVP-TE
Supervisor,Multi-color Flow Cytometry
Estimator,WS-Federation
Supervisor,HTML Help Workshop
Construction Expeditor,Substance Abuse Prevention
Construction Expeditor,CNS disorders
Construction Expeditor,WDF
Subcontractor,RDBMS
Electrician,Utility Mapping
Construction Worker,Clerical Skills
Construction Worker,NFPA
Estimator,Pediatrics
Construction Manager,Athletic Performance
Construction Worker,Air Quality
Construction Expeditor,Oil Changes
Electrician,IS-IS
Estimator,Omnibus
Subcontractor,Team Effectiveness
Electrician,GNU Radio
Estimator,FrameMaker
Electrician,GIS Application
Engineer,EOB
Construction Foreman,Niche Marketing
Construction Worker,Front Office
Construction Expeditor,CTC
Construction Foreman,IT Audit
Supervisor,Ozone Therapy
Construction Worker,AAC
Estimator,IVUS
Supervisor,LTV
Architect,CME
Engineer,GNS3
Surveyor,Grant Writing
Architect,CSRs
Architect,SSP
Electrician,New Home Sales
Construction Foreman,European Politics
Project Manager,IFTA
Engineer,Welding
Estimator,Smart Metering
Supervisor,CMMS
Construction Expeditor,iReport
Estimator,Autodesk Inventor
Architect,Testing
Supervisor,Universal Life
Construction Expeditor,Solar PV
Estimator,RC Detailing
Supervisor,Mentoring
Project Manager,CWTS
Supervisor,Data Structures
Architect,Litigation
Subcontractor,ODS
Estimator,IVDD
Subcontractor,Medical Ultrasound
Engineer,IT Strategy
Surveyor,PV Design
Electrician,Target Costing
Construction Manager,Flights
Construction Manager,First Aid
Supervisor,Acoustic Guitar
Project Manager,Microsoft Dynamics NAV
Construction Foreman,OllyDbg
Surveyor,Single Family Homes
Construction Manager,HCPCS
Construction Manager,TFTP
Architect,Zsh
Construction Manager,Wireless
Construction Expeditor,Knee Surgery
Engineer,Performance Management
Construction Worker,Field Work
Architect,OOS
Construction Foreman,National Association of Realtors
Engineer,CNC Programing
Architect,Scripting
Construction Expeditor,VMware VTSP
Construction Worker,Wireframes
Construction Expeditor,Editorial
Architect,Urban Redevelopment
Electrician,Design of Experiments
Engineer,Data Entry
Project Manager,Hand Knitting
Construction Worker,Culinary Skills
Subcontractor,EASA
Subcontractor,DNA
Construction Manager,Lunix
Construction Worker,MPIO
Surveyor,IVD
Surveyor,ABAP
Architect,Zoo
Construction Foreman,Variable Frequency Drives
Architect,Zero Waste
Architect,LTSP
Estimator,ITIL v3 Foundations Certified
Supervisor,DBUnit
Subcontractor,DDI
Subcontractor,Frozen Food
Architect,WiFi
Architect,DVB-T
Subcontractor,Oracle ERP
Supervisor,JDE One World
Construction Manager,Design Patterns
Electrician,Capital Markets
Estimator,Eplan
Architect,VTC
Construction Foreman,Tax Law
Estimator,Teacher Training
Construction Manager,NoSQL
Architect,Outdoor Education
Construction Worker,RRSP
Architect,Spring Framework
Project Manager,Shipbuilding
Estimator,DMZ
Subcontractor,ISO 27001
Surveyor,iWay
Construction Manager,BMC Portal
Electrician,SNP genotyping
Project Manager,Zephyr
Construction Expeditor,DWDM
Architect,Zachman
Construction Expeditor,GTP
Engineer,Group Dynamics
Project Manager,SolidWorks
Engineer,Earth Science
Engineer,Quality Improvement
Surveyor,TQM
Estimator,Computer Hardware
Estimator,RP
Construction Expeditor,CDL Class A
Electrician,Qt
Construction Expeditor,PowerPoint
Supervisor,HRIS Database Management
Construction Worker,Luxury
Construction Manager,Axys
Construction Worker,Export
Construction Expeditor,Graphics
Subcontractor,Security
Surveyor,Interior Design
Construction Worker,Boating
Electrician,Childcare
Estimator,Help Desk Support
Construction Foreman,Compliance Oversight
Construction Foreman,EViews
Surveyor,CentOS
Construction Foreman,Short Films
Estimator,New Hire Training
Electrician,NHibernate
Estimator,DMMs
Architect,Home Equity Lines of Credit
Architect,Omnibus
Supervisor,Octave
Construction Manager,xSeries
Subcontractor,Olympic Lifting
Engineer,iGaming
Architect,Keyboard Skills
Engineer,E-on Vue
Electrician,XML Sitemaps
Construction Manager,TCL
Construction Expeditor,OEM Management
Estimator,Pyrometallurgy
Electrician,Law Enforcement
Electrician,Sellers
Engineer,Research
Engineer,Game Development
Project Manager,LDOM
Subcontractor,NDK
Architect,Oracle
Project Manager,RTI
Estimator,Agarose Gel Electrophoresis
Construction Worker,LTO
Construction Foreman,Kronos WFC
Construction Manager,SAP ERP
Project Manager,Economics
Estimator,Elder Care
Supervisor,SRDF
Construction Foreman,Government Relations
Engineer,Quest vWorkspace
Supervisor,TMF
